Fabricante;Marca;Rubro;Linea;Especie;Edad;Raza;PRODUCTO;CODIGO;PESO UNITARIO (KGS);UNIDADES POR BULTO;PRECIO LISTA (POR BULTO SIN IVA);PRECIO LISTA (POR UNIDAD SIN IVA);PRECIO LISTA (POR BULTO CON IVA);PRECIO LISTA (POR UNIDAD CON IVA);PRECIO SUGERIDO A PUBLICO POR UNIDAD
Nestle Purina;Pro Plan;Alimento Seco;;Perro;Cachorro;;PRO PLAN CACHORRO RAZA PEQUEÑA;12452753;1;6; 2.885,24 ; 480,87 ; 3.491,14 ; 581,86 ; 756,41 
Nestle Purina;Pro Plan;Alimento Seco;;Perro;Cachorro;;PRO PLAN CACHORRO RAZA PEQUEÑA;12453113;3;6; 7.839,17 ; 1.306,53 ; 9.485,39 ; 1.580,90 ; 2.055,17 
Nestle Purina;Pro Plan;Alimento Seco;;Perro;Cachorro;;PRO PLAN CACHORRO RAZA PEQUEÑA;12453105;7,5;1; 2.760,79 ; 2.760,79 ; 3.340,56 ; 3.340,56 ; 4.342,73 
Nestle Purina;Pro Plan;Alimento Seco;;Perro;Cachorro;;PRO PLAN CACHORRO RAZA MEDIANA;12452907;1;6; 2.885,24 ; 480,87 ; 3.491,14 ; 581,86 ; 756,41 
Nestle Purina;Pro Plan;Alimento Seco;;Perro;Cachorro;;PRO PLAN CACHORRO RAZA MEDIANA;12452915;3;6; 7.839,17 ; 1.306,53 ; 9.485,39 ; 1.580,90 ; 2.055,17 
Nestle Purina;Pro Plan;Alimento Seco;;Perro;Cachorro;;PRO PLAN CACHORRO RAZA MEDIANA;12453302;7,5;1; 2.760,79 ; 2.760,79 ; 3.340,56 ; 3.340,56 ; 4.342,73 
Nestle Purina;Pro Plan;Alimento Seco;;Perro;Cachorro;;PRO PLAN CACHORRO RAZA MEDIANA;12453288;15;1; 4.585,40 ; 4.585,40 ; 5.548,34 ; 5.548,34 ; 7.101,88 
Nestle Purina;Pro Plan;Alimento Seco;;Perro;Cachorro;;PRO PLAN CACHORRO RAZA GRANDE;12452937;3;6; 7.839,17 ; 1.306,53 ; 9.485,39 ; 1.580,90 ; 2.055,17 
Nestle Purina;Pro Plan;Alimento Seco;;Perro;Cachorro;;PRO PLAN CACHORRO RAZA GRANDE;12453294;15;1; 4.585,40 ; 4.585,40 ; 5.548,34 ; 5.548,34 ; 7.101,88 
Nestle Purina;Pro Plan;Alimento Seco;;Perro;Adulto;;PRO PLAN ADULT DOG RAZA PEQUEÑA;12452908;1;6; 2.617,14 ; 436,19 ; 3.166,73 ; 527,79 ; 686,13 
Nestle Purina;Pro Plan;Alimento Seco;;Perro;Adulto;;PRO PLAN ADULT DOG RAZA PEQUEÑA;12452939;3;6; 7.116,33 ; 1.186,06 ; 8.610,76 ; 1.435,13 ; 1.865,66 
Nestle Purina;Pro Plan;Alimento Seco;;Perro;Adulto;;PRO PLAN ADULT DOG RAZA PEQUEÑA;12453303;7,5;1; 2.522,27 ; 2.522,27 ; 3.051,95 ; 3.051,95 ; 3.967,54 
Nestle Purina;Pro Plan;Alimento Seco;;Perro;Adulto;;PRO PLAN ADULT DOG RAZA MEDIANA;12453130;1;6; 2.617,14 ; 436,19 ; 3.166,73 ; 527,79 ; 686,13 
Nestle Purina;Pro Plan;Alimento Seco;;Perro;Adulto;;PRO PLAN ADULT DOG RAZA MEDIANA;12453122;3;6; 7.116,33 ; 1.186,06 ; 8.610,76 ; 1.435,13 ; 1.865,66 
Nestle Purina;Pro Plan;Alimento Seco;;Perro;Adulto;;PRO PLAN ADULT DOG RAZA MEDIANA;12453296;15;1; 4.170,81 ; 4.170,81 ; 5.046,68 ; 5.046,68 ; 6.459,75 
Nestle Purina;Pro Plan;Alimento Seco;;Perro;Adulto;;PRO PLAN ADULT DOG RAZA GRANDE;12453102;3;6; 7.116,33 ; 1.186,06 ; 8.610,76 ; 1.435,13 ; 1.865,66 
Nestle Purina;Pro Plan;Alimento Seco;;Perro;Adulto;;PRO PLAN ADULT DOG RAZA GRANDE;12453311;15;1; 4.170,81 ; 4.170,81 ; 5.046,68 ; 5.046,68 ; 6.459,75 
Nestle Purina;Pro Plan;Alimento Seco;;Perro;Adulto Senior;;PRO PLAN ACTIVE MIND RAZAS PEQUEÑAS(+ de 7 años de edad);12453101;1;6; 2.891,20 ; 481,87 ; 3.498,35 ; 583,06 ; 757,98 
Nestle Purina;Pro Plan;Alimento Seco;;Perro;Adulto Senior;;PRO PLAN ACTIVE MIND RAZAS PEQUEÑAS(+ de 7 años de edad);12453123;3;6; 7.792,76 ; 1.298,79 ; 9.429,24 ; 1.571,54 ; 2.043,00 
Nestle Purina;Pro Plan;Alimento Seco;;Perro;Adulto Senior;;PRO PLAN ACTIVE MIND RAZAS PEQUEÑAS(+ de 7 años de edad);12453305;7,5;1; 2.771,04 ; 2.771,04 ; 3.352,95 ; 3.352,95 ; 4.358,84 
Nestle Purina;Pro Plan;Alimento Seco;;Perro;Adulto Senior;;PRO PLAN ACTIVE MIND RAZAS MEDIANAS & GRANDES (+ de 7 años de edad);12453104;3;6; 7.862,98 ; 1.310,50 ; 9.514,21 ; 1.585,70 ; 2.061,41 
Nestle Purina;Pro Plan;Alimento Seco;;Perro;Adulto Senior;;PRO PLAN ACTIVE MIND RAZAS MEDIANAS & GRANDES (+ de 7 años de edad);12453293;15;1; 4.587,34 ; 4.587,34 ; 5.550,68 ; 5.550,68 ; 7.104,87 
Nestle Purina;Pro Plan;Alimento Seco;;Perro;Adulto;;PRO PLAN REDUCE CALORIE RAZA PEQUEÑA;12453112;1;6; 2.918,50 ; 486,42 ; 3.531,38 ; 588,56 ; 765,13 
Nestle Purina;Pro Plan;Alimento Seco;;Perro;Adulto;;PRO PLAN REDUCE CALORIE RAZA PEQUEÑA;12453103;3;6; 7.864,99 ; 1.310,83 ; 9.516,64 ; 1.586,11 ; 2.061,94 
Nestle Purina;Pro Plan;Alimento Seco;;Perro;Adulto;;PRO PLAN REDUCE CALORIE RAZA PEQUEÑA;12453310;7,5;1; 2.789,11 ; 2.789,11 ; 3.374,83 ; 3.374,83 ; 4.387,27 
Nestle Purina;Pro Plan;Alimento Seco;;Perro;Adulto;;PRO PLAN REDUCE CALORIE RAZA MEDIANA & GRANDE;12453306;3;6; 7.935,86 ; 1.322,64 ; 9.602,38 ; 1.600,40 ; 2.080,52 
Nestle Purina;Pro Plan;Alimento Seco;;Perro;Adulto;;PRO PLAN REDUCE CALORIE RAZA MEDIANA & GRANDE;12453312;15;1; 4.775,72 ; 4.775,72 ; 5.778,62 ; 5.778,62 ; 7.396,63 
Nestle Purina;Pro Plan;Alimento Seco;;Perro;Adulto;;PRO PLAN SENSITIVE SKIN RAZA PEQUEÑA;12453298;1;6; 2.997,89 ; 499,65 ; 3.627,45 ; 604,57 ; 785,95 
Nestle Purina;Pro Plan;Alimento Seco;;Perro;Adulto;;PRO PLAN SENSITIVE SKIN RAZA PEQUEÑA;12453313;3;6; 8.153,12 ; 1.358,85 ; 9.865,27 ; 1.644,21 ; 2.137,48 
Nestle Purina;Pro Plan;Alimento Seco;;Perro;Adulto;;PRO PLAN SENSITIVE SKIN RAZA PEQUEÑA;12453320;7,5;1; 2.897,42 ; 2.897,42 ; 3.505,88 ; 3.505,88 ; 4.557,65 
Nestle Purina;Pro Plan;Alimento Seco;;Perro;Adulto;;PRO PLAN SENSITIVE SKIN RAZA MEDIANA & GRANDE;12453289;3;6; 8.153,12 ; 1.358,85 ; 9.865,27 ; 1.644,21 ; 2.137,48 
Nestle Purina;Pro Plan;Alimento Seco;;Perro;Adulto;;PRO PLAN SENSITIVE SKIN RAZA MEDIANA & GRANDE;12453316;15;1; 4.814,48 ; 4.814,48 ; 5.825,52 ; 5.825,52 ; 7.456,66 
Nestle Purina;Pro Plan;Alimento Seco;;Perro;Adulto;;PRO PLAN DELICATE STRUCTURE DOG  (RAZAS MINI-PEQUEÑAS);12453344;1;6; 3.018,22 ; 503,04 ; 3.652,05 ; 608,68 ; 791,28 
Nestle Purina;Pro Plan;Alimento Seco;;Perro;Adulto;;PRO PLAN DELICATE STRUCTURE DOG  (RAZAS MINI-PEQUEÑAS);12453345;3;6; 8.168,67 ; 1.361,44 ; 9.884,09 ; 1.647,35 ; 2.141,55 
Nestle Purina;Pro Plan;Alimento Seco;;Perro;Adulto;;PRO PLAN DELICATE STRUCTURE DOG  (RAZAS MINI-PEQUEÑAS);12453317;7,5;1; 2.909,76 ; 2.909,76 ; 3.520,82 ; 3.520,82 ; 4.577,06 
Nestle Purina;Pro Plan;Alimento Seco;;Perro;Adulto;;PRO PLAN EXIGENT DOG (SMALL BREED);12453346;1;6; 3.018,22 ; 503,04 ; 3.652,05 ; 608,68 ; 791,28 
Nestle Purina;Pro Plan;Alimento Seco;;Perro;Adulto;;PRO PLAN EXIGENT DOG (SMALL BREED);12453318;3;6; 8.198,57 ; 1.366,43 ; 9.920,27 ; 1.653,38 ; 2.149,39 
Nestle Purina;Pro Plan;Alimento Seco;;Perro;Adulto;;PRO PLAN EXIGENT DOG (SMALL BREED);12453683;7,5;1; 2.885,91 ; 2.885,91 ; 3.491,96 ; 3.491,96 ; 4.539,54 
Nestle Purina;Pro Plan;Alimento Húmedo;;Perro;Adulto;;PRO PLAN Adult Dog Chicken 15x100g XI;12341823;0,1;15; 1.002,52 ; 66,84 ; 1.213,06 ; 80,87 ; 113,22 
Nestle Purina;Pro Plan;Alimento Húmedo;;Perro;Adulto;;PRO PLAN Adult Dog 7+ Active Mind 15x100gXI;12344779;0,1;15; 1.002,52 ; 66,84 ; 1.213,06 ; 80,87 ; 113,22 
Nestle Purina;Pro Plan;Alimento Seco;;Gato;Cachorro;;PRO PLAN KITTEN PROTECTION;12449850;1;6; 4.209,12 ; 701,52 ; 5.093,03 ; 848,84 ; 1.145,93 
Nestle Purina;Pro Plan;Alimento Seco;;Gato;Cachorro;;PRO PLAN KITTEN PROTECTION;12449837;3;6; 11.300,26 ; 1.883,38 ; 13.673,31 ; 2.278,89 ; 3.076,50 
Nestle Purina;Pro Plan;Alimento Seco;;Gato;Cachorro;;PRO PLAN KITTEN PROTECTION;12448695;7,5;1; 3.875,77 ; 3.875,77 ; 4.689,68 ; 4.689,68 ; 6.096,59 
Nestle Purina;Pro Plan;Alimento Seco;;Gato;Adulto;;PRO PLAN ADULT CAT;12449836;1;6; 3.822,83 ; 637,14 ; 4.625,63 ; 770,94 ; 1.040,77 
Nestle Purina;Pro Plan;Alimento Seco;;Gato;Adulto;;PRO PLAN ADULT CAT;12450068;3;6; 10.264,94 ; 1.710,82 ; 12.420,58 ; 2.070,10 ; 2.794,63 
Nestle Purina;Pro Plan;Alimento Seco;;Gato;Adulto;;PRO PLAN ADULT CAT;12450081;7,5;1; 3.572,98 ; 3.572,98 ; 4.323,30 ; 4.323,30 ; 5.620,29 
Nestle Purina;Pro Plan;Alimento Seco;;Gato;Adulto;;PRO PLAN ADULT CAT;12450069;15;1; 6.435,11 ; 6.435,11 ; 7.786,49 ; 7.786,49 ; 9.966,70 
Nestle Purina;Pro Plan;Alimento Seco;;Gato;Adulto;;PRO PLAN ADULT CAT 7+;12450082;1;6; 4.211,97 ; 701,99 ; 5.096,48 ; 849,41 ; 1.146,71 
Nestle Purina;Pro Plan;Alimento Seco;;Gato;Adulto;;PRO PLAN ADULT CAT 7+;12450605;3;6; 11.311,50 ; 1.885,25 ; 13.686,92 ; 2.281,15 ; 3.079,56 
Nestle Purina;Pro Plan;Alimento Seco;;Gato;Adulto;;PRO PLAN ADULT CAT 7+;12450586;7,5;1; 3.875,77 ; 3.875,77 ; 4.689,68 ; 4.689,68 ; 6.096,59 
Nestle Purina;Pro Plan;Alimento Seco;;Gato;Adulto;;PRO PLAN REDUCED CALORIE CAT;12450597;1;6; 4.339,20 ; 723,20 ; 5.250,43 ; 875,07 ; 1.181,35 
Nestle Purina;Pro Plan;Alimento Seco;;Gato;Adulto;;PRO PLAN REDUCED CALORIE CAT;12450608;3;6; 11.659,03 ; 1.943,17 ; 14.107,42 ; 2.351,24 ; 3.174,17 
Nestle Purina;Pro Plan;Alimento Seco;;Gato;Adulto;;PRO PLAN REDUCED CALORIE CAT;12450607;7,5;1; 3.774,63 ; 3.774,63 ; 4.567,30 ; 4.567,30 ; 5.937,49 
Nestle Purina;Pro Plan;Alimento Seco;;Gato;Adulto;;PRO PLAN URINARY CAT;12450587;1;6; 4.257,88 ; 709,65 ; 5.152,04 ; 858,67 ; 1.159,21 
Nestle Purina;Pro Plan;Alimento Seco;;Gato;Adulto;;PRO PLAN URINARY CAT;12450606;3;6; 11.547,27 ; 1.924,55 ; 13.972,20 ; 2.328,70 ; 3.143,74 
Nestle Purina;Pro Plan;Alimento Seco;;Gato;Adulto;;PRO PLAN URINARY CAT;12450588;7,5;1; 3.875,77 ; 3.875,77 ; 4.689,68 ; 4.689,68 ; 6.096,59 
Nestle Purina;Pro Plan;Alimento Seco;;Gato;Adulto;;PRO PLAN URINARY CAT;12451798;15;1; 6.980,46 ; 6.980,46 ; 8.446,36 ; 8.446,36 ; 10.811,34 
Nestle Purina;Pro Plan;Alimento Seco;;Gato;Adulto;;PRO PLAN SENSITIVE CAT;12452635;1;6; 4.398,62 ; 733,10 ; 5.322,34 ; 887,06 ; 1.197,53 
Nestle Purina;Pro Plan;Alimento Seco;;Gato;Adulto;;PRO PLAN SENSITIVE CAT;12452636;3;6; 11.809,42 ; 1.968,24 ; 14.289,39 ; 2.381,57 ; 3.215,11 
Nestle Purina;Pro Plan;Alimento Seco;;Gato;Adulto;;PRO PLAN SENSITIVE CAT;12452637;7,5;1; 4.111,99 ; 4.111,99 ; 4.975,51 ; 4.975,51 ; 6.468,16 
Nestle Purina;Pro Plan;Alimento Seco;;Gato;Adulto;;PRO PLAN STERILIZED CAT;12450599;1;6; 4.398,62 ; 733,10 ; 5.322,34 ; 887,06 ; 1.197,53 
Nestle Purina;Pro Plan;Alimento Seco;;Gato;Adulto;;PRO PLAN STERILIZED CAT;12450589;3;6; 11.808,07 ; 1.968,01 ; 14.287,76 ; 2.381,29 ; 3.214,75 
Nestle Purina;Pro Plan;Alimento Seco;;Gato;Adulto;;PRO PLAN STERILIZED CAT;12450610;7,5;1; 4.111,99 ; 4.111,99 ; 4.975,51 ; 4.975,51 ; 6.468,16 
Nestle Purina;Pro Plan;Alimento Seco;;Gato;Adulto;;PRO PLAN LIVE CLEAR;12458622;1;6; 5.887,85 ; 981,31 ; 7.124,30 ; 1.187,38 ; 1.602,97 
Nestle Purina;Pro Plan;Alimento Seco;;Gato;Adulto;;PRO PLAN LIVE CLEAR;12458608;3;6; 15.967,71 ; 2.661,29 ; 19.320,93 ; 3.220,15 ; 4.347,21 
Nestle Purina;Pro Plan;Alimento Húmedo;;Gato;Cachorro;;PRO PLAN KITTEN (Gatitos) 15x85g XI;12341824;0,085;15; 1.109,17 ; 73,95 ; 1.342,11 ; 89,48 ; 125,26 
Nestle Purina;Pro Plan;Alimento Húmedo;;Gato;Adulto;;PRO PLAN Adult Cat Chicken (Pollo) 15x85g XI;12340775;0,085;15; 1.109,17 ; 73,95 ; 1.342,11 ; 89,48 ; 125,26 
Nestle Purina;Pro Plan;Alimento Húmedo;;Gato;Adulto;;PRO PLAN Adult Cat Salmon 15x85g XI;12340773;0,085;15; 1.109,17 ; 73,95 ; 1.342,11 ; 89,48 ; 125,26 
Nestle Purina;Pro Plan;Alimento Húmedo;;Gato;Adulto;;PRO PLAN Sterilized Cat (Castrados) 15x85g XI;12340774;0,085;15; 1.109,17 ; 73,95 ; 1.342,11 ; 89,48 ; 125,26 
Nestle Purina; Whole Earth Farms;Alimento Seco;Naturales;Perro;Cachorro;;W.E.F. Puppy Recipe(Cachorros) Chicken & Salmon (Pollo y Salmón) ;12376502;2;6; 5.050,98 ; 841,82 ; 6.111,68 ; 1.018,62 ; 1.427,64 
Nestle Purina; Whole Earth Farms;Alimento Seco;Naturales;Perro;Cachorro;;W.E.F. Puppy Recipe(Cachorros) Chicken & Salmon (Pollo y Salmón);12376416;7,5;1; 2.662,80 ; 2.662,80 ; 3.222,00 ; 3.222,00 ; 4.509,76 
Nestle Purina; Whole Earth Farms;Alimento Seco;Naturales;Perro;Adulto;;W.E.F. Adult Recipe(Adultos) Chicken & Salmon (Pollo y Salmón);12376500;2;6; 5.050,98 ; 841,82 ; 6.111,68 ; 1.018,62 ; 1.427,64 
Nestle Purina; Whole Earth Farms;Alimento Seco;Naturales;Perro;Adulto;;W.E.F. Adult Recipe(Adultos) Chicken & Salmon (Pollo y Salmón);12376421;7,5;1; 2.662,80 ; 2.662,80 ; 3.222,00 ; 3.222,00 ; 4.509,76 
Nestle Purina; Whole Earth Farms;Alimento Seco;Naturales;Perro;Adulto;;W.E.F. Adult Recipe(Adultos) Chicken & Salmon (Pollo y Salmón);12376422;12;1; 3.497,75 ; 3.497,75 ; 4.232,27 ; 4.232,27 ; 5.924,05 
Nestle Purina; Whole Earth Farms;Alimento Seco;Naturales;Perro;Adulto;;W.E.F. Adult Recipe(Adultos) Chicken & Beef (Pollo y Carne Vacuna);12376501;2;6; 5.050,98 ; 841,82 ; 6.111,68 ; 1.018,62 ; 1.427,64 
Nestle Purina; Whole Earth Farms;Alimento Seco;Naturales;Perro;Adulto;;W.E.F. Adult Recipe(Adultos) Chicken & Beef (Pollo y Carne Vacuna);12376415;7,5;1; 2.662,80 ; 2.662,80 ; 3.222,00 ; 3.222,00 ; 4.509,76 
Nestle Purina; Whole Earth Farms;Alimento Seco;Naturales;Perro;Adulto;;W.E.F. Adult Recipe(Adultos) Chicken & Beef (Pollo y Carne Vacuna);12376489;12;1; 3.497,75 ; 3.497,75 ; 4.232,27 ; 4.232,27 ; 5.924,05 
Nestle Purina;Pro Plan VD;Alimento Seco;Medicado;Perro;Adulto;;PPVD EN (GASTROENTERIC) GASTROENTÉRICO;12383971;7,5;1; 2.539,65 ; 2.539,65 ; 3.072,97 ; 3.072,97 ; 4.609,46 
Nestle Purina;Pro Plan VD;Alimento Seco;Medicado;Perro;Adulto;;PPVD EN (GASTROENTERIC) GASTROENTÉRICO;12383970;2;6; 5.227,81 ; 871,30 ; 6.325,65 ; 1.054,28 ; 1.581,41 
Nestle Purina;Pro Plan VD;Alimento Seco;Medicado;Perro;Adulto;;PPVD NF (KIDNEY FUNCTION) NEFROLÓGICO;12383975;7,5;1; 2.539,65 ; 2.539,65 ; 3.072,97 ; 3.072,97 ; 4.609,46 
Nestle Purina;Pro Plan VD;Alimento Seco;Medicado;Perro;Adulto;;PPVD NF (KIDNEY FUNCTION) NEFROLÓGICO;12383973;2;6; 5.227,81 ; 871,30 ; 6.325,65 ; 1.054,28 ; 1.581,41 
Nestle Purina;Pro Plan VD;Alimento Seco;Medicado;Perro;Adulto;;PPVD OM (OBESITY MANAGEMENT) OBESIDAD;12383978;7,5;1; 2.732,72 ; 2.732,72 ; 3.306,59 ; 3.306,59 ; 4.959,89 
Nestle Purina;Pro Plan VD;Alimento Seco;Medicado;Perro;Adulto;;PPVD OM (OBESITY MANAGEMENT) OBESIDAD;12383976;2;6; 5.465,44 ; 910,91 ; 6.613,18 ; 1.102,20 ; 1.653,30 
Nestle Purina;Pro Plan VD;Alimento Seco;Medicado;Perro;Adulto;;PPVD UR (URINARY) VIAS URINARIAS;12384138;7,5;1; 2.887,03 ; 2.887,03 ; 3.493,31 ; 3.493,31 ; 5.239,96 
Nestle Purina;Pro Plan VD;Alimento Seco;Medicado;Perro;Adulto;;PPVD UR (URINARY) VIAS URINARIAS;12384090;2;6; 6.043,28 ; 1.007,21 ; 7.312,36 ; 1.218,73 ; 1.828,09 
Nestle Purina;Pro Plan VD;Alimento Seco;Medicado;Perro;Adulto;;PPVD JM (JOINT MOBILITY) MOVILIDAD ARTICULAR;12345747;7,5;1; 3.027,27 ; 3.027,27 ; 3.662,99 ; 3.662,99 ; 5.494,49 
Nestle Purina;Pro Plan VD;Alimento Seco;Medicado;Perro;Adulto;;PPVD JM (JOINT MOBILITY) MOVILIDAD ARTICULAR;12383972;2;6; 6.158,26 ; 1.026,38 ; 7.451,49 ; 1.241,92 ; 1.862,87 
Nestle Purina;Pro Plan VD;Alimento Seco;Medicado;Perro;Adulto;;PPVD NC (NEUROCARE) NEUROLOGICO ;12377833;7,5;1; 3.052,11 ; 3.052,11 ; 3.693,05 ; 3.693,05 ; 5.539,57 
Nestle Purina;Pro Plan VD;Alimento Seco;Medicado;Perro;Adulto;;PPVD NC (NEUROCARE) NEUROLOGICO ;12377830;2;6; 6.170,26 ; 1.028,38 ; 7.466,02 ; 1.244,34 ; 1.866,50 
Nestle Purina;Pro Plan VD;Alimento Seco;Medicado;Gato;Adulto;;PPVD OM (OBESITY MANAGEMENT) OBESIDAD;12384070;7,5;1; 3.279,26 ; 3.279,26 ; 3.967,91 ; 3.967,91 ; 5.951,87 
Nestle Purina;Pro Plan VD;Alimento Seco;Medicado;Gato;Adulto;;PPVD OM (OBESITY MANAGEMENT) OBESIDAD;12384077;1,5;8; 7.128,84 ; 891,10 ; 8.625,89 ; 1.078,24 ; 1.617,35 
Nestle Purina;Pro Plan VD;Alimento Seco;Medicado;Gato;Adulto;;PPVD UR (URINARY) VIAS URINARIAS;12383959;7,5;1; 3.689,29 ; 3.689,29 ; 4.464,04 ; 4.464,04 ; 6.696,05 
Nestle Purina;Pro Plan VD;Alimento Seco;Medicado;Gato;Adulto;;PPVD UR (URINARY) VIAS URINARIAS;12384079;1,5;8; 8.391,70 ; 1.048,96 ; 10.153,96 ; 1.269,24 ; 1.903,87 
Nestle Purina;Pro Plan VD;Alimento Seco;Medicado;Gato;Adulto;;PPVD DM (DIABETES MANAGEMENT) DIABETES;12384095;1,5;8; 10.078,31 ; 1.259,79 ; 12.194,75 ; 1.524,34 ; 2.286,52 
Nestle Purina;Pro Plan VD;Alimento Seco;Medicado;Gato;Adulto;;PPVD EN (GASTROENTERIC) GASTROENTÉRICO;12345828;1,5;8; 8.091,26 ; 1.011,41 ; 9.790,43 ; 1.223,80 ; 1.835,70 
Nestle Purina;Pro Plan VD;Alimento Seco;Medicado;Gato;Adulto;;PPVD NF (KIDNEY FUNCTION) NEFROLÓGICO EARLY STAGE  ;12384139;3;6; 10.945,70 ; 1.824,28 ; 13.244,30 ; 2.207,38 ; 3.311,07 
Nestle Purina;Pro Plan VD;Alimento Seco;Medicado;Gato;Adulto;;PPVD NF (KIDNEY FUNCTION) NEFROLÓGICO EARLY STAGE  ;12384137;1,5;8; 7.297,13 ; 912,14 ; 8.829,53 ; 1.103,69 ; 1.655,54 
Nestle Purina;Pro Plan VD;Alimento Seco;Medicado;Gato;Adulto;;PPVD NF (KIDNEY FUNCTION) NEFROLÓGICO ADVANCED STAGE  ;12384135;7,5;1; 3.208,08 ; 3.208,08 ; 3.881,77 ; 3.881,77 ; 5.822,66 
Nestle Purina;Pro Plan VD;Alimento Seco;Medicado;Gato;Adulto;;PPVD NF (KIDNEY FUNCTION) NEFROLÓGICO ADVANCED STAGE  ;12384134;1,5;8; 7.035,88 ; 879,48 ; 8.513,41 ; 1.064,18 ; 1.596,27 
Nestle Purina;Excellent;Alimento Seco;;Perro;Cachorro;;EXCELLENT PUPPY SMALL BREED CH&R ;12286515;1;6; 1.434,42 ; 239,08 ; 1.735,64 ; 289,27 ; 376,06 
Nestle Purina;Excellent;Alimento Seco;;Perro;Cachorro;;EXCELLENT PUPPY SMALL BREED CH&R ;12286514;3;6; 3.909,66 ; 651,61 ; 4.730,67 ; 788,45 ; 1.024,99 
Nestle Purina;Excellent;Alimento Seco;;Perro;Cachorro;;EXCELLENT PUPPY SMALL BREED CH&R ;12286513;15;1; 2.576,17 ; 2.576,17 ; 3.117,17 ; 3.117,17 ; 3.989,97 
Nestle Purina;Excellent;Alimento Seco;;Perro;Cachorro;;EXCELLENT PUPPY MEDIUM & LARGE BREED CH&R ;12286518;1;6; 1.434,42 ; 239,08 ; 1.735,64 ; 289,27 ; 376,06 
Nestle Purina;Excellent;Alimento Seco;;Perro;Cachorro;;EXCELLENT PUPPY MEDIUM & LARGE BREED CH&R ;12286519;3;6; 3.909,66 ; 651,61 ; 4.730,67 ; 788,45 ; 1.024,99 
Nestle Purina;Excellent;Alimento Seco;;Perro;Cachorro;;EXCELLENT PUPPY MEDIUM & LARGE BREED CH&R ;12286517;15;1; 2.576,17 ; 2.576,17 ; 3.117,17 ; 3.117,17 ; 3.989,97 
Nestle Purina;Excellent;Alimento Seco;;Perro;Cachorro;;EXCELLENT PUPPY MEDIUM & LARGE BREED CH&R ;12286516;20;1; 3.430,21 ; 3.430,21 ; 4.150,55 ; 4.150,55 ; 5.312,69 
Nestle Purina;Excellent;Alimento Seco;;Perro;Adulto;;EXCELLENT ADULT DOG SMALL BREED CH&R;12286476;1;6; 1.304,11 ; 217,34 ; 1.577,98 ; 263,00 ; 341,90 
Nestle Purina;Excellent;Alimento Seco;;Perro;Adulto;;EXCELLENT ADULT DOG SMALL BREED CH&R;12286477;3;6; 3.573,62 ; 595,60 ; 4.324,07 ; 720,68 ; 936,87 
Nestle Purina;Excellent;Alimento Seco;;Perro;Adulto;;EXCELLENT ADULT DOG SMALL BREED CH&R;12286504;15;1; 2.336,23 ; 2.336,23 ; 2.826,84 ; 2.826,84 ; 3.618,36 
Nestle Purina;Excellent;Alimento Seco;;Perro;Adulto;;EXCELLENT ADULT DOG MEDIUM & LARGE BREED CH&R;12286473;3;6; 3.564,45 ; 594,07 ; 4.312,98 ; 718,83 ; 934,48 
Nestle Purina;Excellent;Alimento Seco;;Perro;Adulto;;EXCELLENT ADULT DOG MEDIUM & LARGE BREED CH&R;12286474;15;1; 2.344,83 ; 2.344,83 ; 2.837,23 ; 2.837,23 ; 3.631,67 
Nestle Purina;Excellent;Alimento Seco;;Perro;Adulto;;EXCELLENT ADULT DOG MEDIUM & LARGE BREED CH&R;12286475;20;1; 3.001,85 ; 3.001,85 ; 3.632,23 ; 3.632,23 ; 4.649,26 
Nestle Purina;Excellent;Alimento Seco;;Perro;Adulto Senior;;EXCELENT ADULT 7+DOG;12286509;3;6; 3.866,52 ; 644,42 ; 4.678,49 ; 779,75 ; 1.013,67 
Nestle Purina;Excellent;Alimento Seco;;Perro;Adulto Senior;;EXCELENT ADULT 7+DOG;12286508;15;1; 2.543,54 ; 2.543,54 ; 3.077,67 ; 3.077,67 ; 3.939,44 
Nestle Purina;Excellent;Alimento Seco;;Perro;Adulto;;EXCELENT REDUCED CALORIE DOG;12286512;3;6; 3.866,52 ; 644,42 ; 4.678,49 ; 779,75 ; 1.013,67 
Nestle Purina;Excellent;Alimento Seco;;Perro;Adulto;;EXCELENT REDUCED CALORIE DOG;12286511;15;1; 2.543,54 ; 2.543,54 ; 3.077,67 ; 3.077,67 ; 3.939,44 
Nestle Purina;Excellent;Alimento Seco;;Perro;Cachorro;;EXCELLENT FORMULA PUPPY ;12286478;15;1; 2.412,02 ; 2.412,02 ; 2.918,53 ; 2.918,53 ; 3.735,72 
Nestle Purina;Excellent;Alimento Seco;;Perro;Cachorro;;EXCELLENT FORMULA PUPPY ;12286479;20;1; 3.045,61 ; 3.045,61 ; 3.685,20 ; 3.685,20 ; 4.717,04 
Nestle Purina;Excellent;Alimento Seco;;Perro;Adulto;;EXCELLENT FORMULA ADULT DOG;12286506;15;1; 2.111,52 ; 2.111,52 ; 2.554,92 ; 2.554,92 ; 3.270,30 
Nestle Purina;Excellent;Alimento Seco;;Perro;Adulto;;EXCELLENT FORMULA ADULT DOG;12286610;20;1; 2.693,23 ; 2.693,23 ; 3.258,80 ; 3.258,80 ; 4.171,28 
Nestle Purina;Excellent;Alimento Seco;;Perro;Adulto;;EXCELLENT ADULT SKIN CARE CON CORDERO;12427529;3;6; 3.910,00 ; 651,67 ; 4.731,10 ; 788,52 ; 1.025,06 
Nestle Purina;Excellent;Alimento Seco;;Perro;Adulto;;EXCELLENT ADULT SKIN CARE CON CORDERO;12427534;15;1; 2.572,12 ; 2.572,12 ; 3.112,27 ; 3.112,27 ; 3.983,72 
Nestle Purina;Excellent;Alimento Seco;;Gato;Cachorro;;EXCELLENT KITTEN Chicken & Rice;12286503;1;6; 2.268,03 ; 378,00 ; 2.744,33 ; 457,39 ; 617,47 
Nestle Purina;Excellent;Alimento Seco;;Gato;Cachorro;;EXCELLENT KITTEN Chicken & Rice;12286500;7,5;1; 2.209,88 ; 2.209,88 ; 2.673,95 ; 2.673,95 ; 3.476,13 
Nestle Purina;Excellent;Alimento Seco;;Gato;Adulto;;EXCELLENT ADULT CAT Chicken & Rice;12286483;1;6; 2.068,71 ; 344,79 ; 2.503,15 ; 417,18 ; 563,20 
Nestle Purina;Excellent;Alimento Seco;;Gato;Adulto;;EXCELLENT ADULT CAT Chicken & Rice;12286484;3;6; 5.602,49 ; 933,75 ; 6.779,01 ; 1.129,83 ; 1.525,27 
Nestle Purina;Excellent;Alimento Seco;;Gato;Adulto;;EXCELLENT ADULT CAT Chicken & Rice;12286505;7,5;1; 2.012,12 ; 2.012,12 ; 2.434,68 ; 2.434,68 ; 3.165,07 
Nestle Purina;Excellent;Alimento Seco;;Gato;Adulto;;EXCELLENT ADULT CAT Chicken & Rice;12286507;15;1; 3.882,02 ; 3.882,02 ; 4.697,25 ; 4.697,25 ; 6.012,48 
Nestle Purina;Excellent;Alimento Seco;;Gato;Adulto;;EXCELLENT ADULT CAT RED. CAL. CH&R ;12286522;1;6; 2.304,14 ; 384,02 ; 2.788,00 ; 464,68 ; 627,30 
Nestle Purina;Excellent;Alimento Seco;;Gato;Adulto;;EXCELLENT ADULT CAT RED. CAL. CH&R ;12286510;7,5;1; 2.242,16 ; 2.242,16 ; 2.713,02 ; 2.713,02 ; 3.526,92 
Nestle Purina;Excellent;Alimento Seco;Urinario;Gato;Adulto;;EXCELLENT URINARY CAT CH&R;12286521;1;6; 2.304,14 ; 384,02 ; 2.788,00 ; 464,68 ; 627,30 
Nestle Purina;Excellent;Alimento Seco;Urinario;Gato;Adulto;;EXCELLENT URINARY CAT CH&R;12286501;7,5;1; 2.242,16 ; 2.242,16 ; 2.713,02 ; 2.713,02 ; 3.526,92 
Nestle Purina;Spercoat;Alimento Seco;;;Cachorro;;SUPERCOAT ADVANCED PUPPY ALL BREED;12431880;22;1; 3.298,13 ; 3.298,13 ; 3.990,74 ; 3.990,74 ; 5.108,14 
Nestle Purina;Spercoat;Alimento Seco;;;Adulto;;SUPERCOAT ADVANCED ADULT DOG ALL BREED ;12429148;22;1; 2.960,64 ; 2.960,64 ; 3.582,38 ; 3.582,38 ; 4.585,44 
Nestle Purina;Spercoat;Alimento Seco;;;Adulto;;SUPERCOAT Maintenance Perro Adulto 22Kg AR;12428940;22;1; 1.999,45 ; 1.999,45 ; 2.419,33 ; 2.419,33 ; 2.975,77 
Nestle Purina;Spercoat;Alimento Seco;;Gato;Adulto;;SUPERCOAT ADVANCED ADULT CAT;12429135;15;1; 3.479,94 ; 3.479,94 ; 4.210,73 ; 4.210,73 ; 5.389,74 
Nestle Purina;Dog Chow;Alimento Seco;;Perro;Cachorro;;DOG CHOW CACHORROS RAZAS PEQUEÑAS;12414471;1,5;9; 2.125,38 ; 236,15 ; 2.571,69 ; 285,75 ; 371,47 
Nestle Purina;Dog Chow;Alimento Seco;;Perro;Cachorro;;DOG CHOW CACHORROS RAZAS PEQUEÑAS;12414170;3;6; 2.578,29 ; 429,71 ; 3.119,75 ; 519,95 ; 675,94 
Nestle Purina;Dog Chow;Alimento Seco;;Perro;Cachorro;;DOG CHOW CACHORROS RAZAS PEQUEÑAS;12414473;21;1; 2.505,00 ; 2.505,00 ; 3.031,06 ; 3.031,06 ; 3.728,19 
Nestle Purina;Dog Chow;Alimento Seco;;Perro;Cachorro;;DOG CHOW CACHORRO SIN COLORANTES;12414149;1,5;9; 2.125,37 ; 236,15 ; 2.571,70 ; 285,74 ; 371,47 
Nestle Purina;Dog Chow;Alimento Seco;;Perro;Cachorro;;DOG CHOW CACHORRO SIN COLORANTES;12414135;3;6; 2.578,30 ; 429,72 ; 3.119,74 ; 519,96 ; 675,94 
Nestle Purina;Dog Chow;Alimento Seco;;Perro;Cachorro;;DOG CHOW CACHORRO SIN COLORANTES;12414491;8;1; 1.044,35 ; 1.044,35 ; 1.263,66 ; 1.263,66 ; 1.579,59 
Nestle Purina;Dog Chow;Alimento Seco;;Perro;Cachorro;;DOG CHOW CACHORRO SIN COLORANTES;12414467;15;1; 1.878,18 ; 1.878,18 ; 2.272,60 ; 2.272,60 ; 2.840,76 
Nestle Purina;Dog Chow;Alimento Seco;;Perro;Cachorro;;DOG CHOW CACHORRO SIN COLORANTES;12414465;21;1; 2.505,00 ; 2.505,00 ; 3.031,05 ; 3.031,05 ; 3.728,18 
Nestle Purina;Dog Chow;Alimento Seco;;Perro;Adulto;;DOG CHOW ADULTO MINI & PEQUEÑO SIN COLORANTES;12414490;1,5;9; 2.024,22 ; 224,91 ; 2.449,31 ; 272,15 ; 353,79 
Nestle Purina;Dog Chow;Alimento Seco;;Perro;Adulto;;DOG CHOW ADULTO MINI & PEQUEÑO SIN COLORANTES;12414459;3;6; 2.455,65 ; 409,27 ; 2.971,33 ; 495,22 ; 643,79 
Nestle Purina;Dog Chow;Alimento Seco;;Perro;Adulto;;DOG CHOW ADULTO MINI & PEQUEÑO SIN COLORANTES;12414458;8;1; 994,62 ; 994,62 ; 1.203,49 ; 1.203,49 ; 1.504,37 
Nestle Purina;Dog Chow;Alimento Seco;;Perro;Adulto;;DOG CHOW ADULTO MINI & PEQUEÑO SIN COLORANTES;12414480;21;1; 2.385,70 ; 2.385,70 ; 2.886,70 ; 2.886,70 ; 3.550,63 
Nestle Purina;Dog Chow;Alimento Seco;;Perro;Adulto;;DOG CHOW ADULTO MEDIANO & GRANDE SIN COLORANTES;12414578;1,5;9; 2.024,22 ; 224,91 ; 2.449,31 ; 272,15 ; 353,79 
Nestle Purina;Dog Chow;Alimento Seco;;Perro;Adulto;;DOG CHOW ADULTO MEDIANO & GRANDE SIN COLORANTES;12414579;3;6; 2.455,65 ; 409,27 ; 2.971,33 ; 495,22 ; 643,79 
Nestle Purina;Dog Chow;Alimento Seco;;Perro;Adulto;;DOG CHOW ADULTO MEDIANO & GRANDE SIN COLORANTES;12414549;8;1; 994,62 ; 994,62 ; 1.203,49 ; 1.203,49 ; 1.504,37 
Nestle Purina;Dog Chow;Alimento Seco;;Perro;Adulto;;DOG CHOW ADULTO MEDIANO & GRANDE SIN COLORANTES;12414610;15;1; 1.788,73 ; 1.788,73 ; 2.164,36 ; 2.164,36 ; 2.705,47 
Nestle Purina;Dog Chow;Alimento Seco;;Perro;Adulto;;DOG CHOW ADULTO MEDIANO & GRANDE SIN COLORANTES;12414620;21;1; 2.385,70 ; 2.385,70 ; 2.886,70 ; 2.886,70 ; 3.550,63 
Nestle Purina;Dog Chow;Alimento Seco;;Perro;Adulto;;DOG CHOW LONGEVIDAD;12414160;1,5;9; 2.125,36 ; 236,15 ; 2.571,67 ; 285,73 ; 371,47 
Nestle Purina;Dog Chow;Alimento Seco;;Perro;Adulto;;DOG CHOW LONGEVIDAD;12414129;3;6; 2.578,35 ; 429,73 ; 3.119,81 ; 519,97 ; 675,96 
Nestle Purina;Dog Chow;Alimento Seco;;Perro;Adulto;;DOG CHOW LONGEVIDAD;12414107;8;1; 1.044,34 ; 1.044,34 ; 1.263,66 ; 1.263,66 ; 1.579,55 
Nestle Purina;Dog Chow;Alimento Seco;;Perro;Adulto;;DOG CHOW LONGEVIDAD;12414455;15;1; 1.878,16 ; 1.878,16 ; 2.272,57 ; 2.272,57 ; 2.840,73 
Nestle Purina;Dog Chow;Alimento Seco;;Perro;Adulto;;DOG CHOW LONGEVIDAD;12414147;21;1; 2.505,00 ; 2.505,00 ; 3.031,04 ; 3.031,04 ; 3.728,17 
Nestle Purina;Dog Chow;Alimento Seco;;Perro;Adulto;;DOG CHOW CONTROL DE PESO;12414128;1,5;9; 2.125,36 ; 236,15 ; 2.571,67 ; 285,73 ; 371,47 
Nestle Purina;Dog Chow;Alimento Seco;;Perro;Adulto;;DOG CHOW CONTROL DE PESO;12414150;3;6; 2.578,35 ; 429,73 ; 3.119,81 ; 519,97 ; 675,96 
Nestle Purina;Dog Chow;Alimento Seco;;Perro;Adulto;;DOG CHOW CONTROL DE PESO;12414481;8;1; 1.044,34 ; 1.044,34 ; 1.263,66 ; 1.263,66 ; 1.579,55 
Nestle Purina;Dog Chow;Alimento Seco;;Perro;Adulto;;DOG CHOW CONTROL DE PESO;12414151;21;1; 2.505,00 ; 2.505,00 ; 3.031,04 ; 3.031,04 ; 3.728,17 
Nestle Purina;Dog Chow;;;Perro;Adulto;;DOGCHOWCachTdTmC/Pollo15x100gXI;12409081;0,1;15; 639,91 ; 42,66 ; 774,29 ; 51,62 ; 72,27 
Nestle Purina;Dog Chow;;;Perro;Adulto;;DOGCHOWAdltTdTmC/Pollo15x100gXI;12409080;0,1;15; 639,91 ; 42,66 ; 774,29 ; 51,62 ; 72,27 
Nestle Purina;Dog Chow;;;Perro;Adulto;;DOGCHOWAdltTdTmC/Pavo15x100gXI;12409086;0,1;15; 639,91 ; 42,66 ; 774,29 ; 51,62 ; 72,27 
Nestle Purina;Dog Chow;;;Perro;Adulto;;DOGCHOWAdltMinisYPeqC/Pol15x100gXI;12409088;0,1;15; 639,91 ; 42,66 ; 774,29 ; 51,62 ; 72,27 
Nestle Purina;Dog Chow;;;Perro;Adulto;;DOGCHOWAdltMinisYPeqC/Smn15x100gXI;12409090;0,1;15; 639,91 ; 42,66 ; 774,29 ; 51,62 ; 72,27 
Nestle Purina;Dog Chow;;;Perro;Adulto;;DOGCHOWAdltMinisYPeqC/MixDePolYPa15x100gXI;12409089;0,1;15; 639,91 ; 42,66 ; 774,29 ; 51,62 ; 72,27 
Nestle Purina;Dog Chow;;;Perro;Adulto;;DOG CHOW Salud Oral Adlt Minis Peq 20x45g;12418654;0,045;20; 1.276,27 ; 63,81 ; 1.544,29 ; 77,21 ; 108,10 
Nestle Purina;Dog Chow;;;Perro;Adulto;;DOG CHOW X Life Salud Oral Adlt Med Gde 20x80g;12418618;0,08;20; 1.416,77 ; 70,84 ; 1.714,29 ; 85,71 ; 120,00 
Nestle Purina;Cat Chow;Alimento Seco;;Gato;Cachorro;;CAT CHOW GATITOS ;12296017;0,5;10; 1.296,95 ; 129,70 ; 1.569,31 ; 156,93 ; 204,01 
Nestle Purina;Cat Chow;Alimento Seco;;Gato;Cachorro;;CAT CHOW GATITOS ;12296016;1;8; 1.910,05 ; 238,76 ; 2.311,15 ; 288,90 ; 375,56 
Nestle Purina;Cat Chow;Alimento Seco;;Gato;Cachorro;;CAT CHOW GATITOS ;12296015;8;1; 1.543,20 ; 1.543,20 ; 1.867,26 ; 1.867,26 ; 2.334,07 
Nestle Purina;Cat Chow;Alimento Seco;;Gato;Cachorro;;CAT CHOW GATITOS ;12296018;15;1; 2.654,56 ; 2.654,56 ; 3.212,03 ; 3.212,03 ; 4.015,02 
Nestle Purina;Cat Chow;Alimento Seco;;Gato;Adulto;;CAT CHOW ADULTOS;12296010;0,5;10; 1.202,79 ; 120,28 ; 1.455,38 ; 145,54 ; 189,20 
Nestle Purina;Cat Chow;Alimento Seco;;Gato;Adulto;;CAT CHOW ADULTOS;12296009;1;8; 1.819,10 ; 227,38 ; 2.201,09 ; 275,14 ; 357,67 
Nestle Purina;Cat Chow;Alimento Seco;;Gato;Adulto;;CAT CHOW ADULTOS;12296007;3;6; 3.464,00 ; 577,34 ; 4.191,45 ; 698,58 ; 908,15 
Nestle Purina;Cat Chow;Alimento Seco;;Gato;Adulto;;CAT CHOW ADULTOS;12296008;8;1; 1.469,70 ; 1.469,70 ; 1.778,35 ; 1.778,35 ; 2.222,93 
Nestle Purina;Cat Chow;Alimento Seco;;Gato;Adulto;;CAT CHOW ADULTOS;12296011;15;1; 2.528,15 ; 2.528,15 ; 3.059,07 ; 3.059,07 ; 3.823,84 
Nestle Purina;Cat Chow;Alimento Seco;;Gato;Adulto;;CAT CHOW ADULTOS DELICIAS SABOR CARNE;12296005;0,5;10; 1.202,79 ; 120,28 ; 1.455,38 ; 145,54 ; 189,20 
Nestle Purina;Cat Chow;Alimento Seco;;Gato;Adulto;;CAT CHOW ADULTOS DELICIAS SABOR CARNE;12296003;1;8; 1.819,10 ; 227,38 ; 2.201,09 ; 275,14 ; 357,67 
Nestle Purina;Cat Chow;Alimento Seco;;Gato;Adulto;;CAT CHOW ADULTOS DELICIAS SABOR CARNE;12297243;3;6; 3.464,00 ; 577,34 ; 4.191,45 ; 698,58 ; 908,15 
Nestle Purina;Cat Chow;Alimento Seco;;Gato;Adulto;;CAT CHOW ADULTOS DELICIAS SABOR CARNE;12296004;8;1; 1.469,70 ; 1.469,70 ; 1.778,35 ; 1.778,35 ; 2.222,93 
Nestle Purina;Cat Chow;Alimento Seco;;Gato;Adulto;;CAT CHOW ADULTOS DELICIAS SABOR CARNE;12296006;15;1; 2.528,15 ; 2.528,15 ; 3.059,07 ; 3.059,07 ; 3.823,84 
Nestle Purina;Cat Chow;Alimento Seco;;Gato;Adulto;;CAT CHOW ADULTOS DELI MIX;12296014;0,5;10; 1.263,09 ; 126,31 ; 1.528,34 ; 152,83 ; 198,68 
Nestle Purina;Cat Chow;Alimento Seco;;Gato;Adulto;;CAT CHOW ADULTOS DELI MIX;12296013;1;8; 1.910,05 ; 238,76 ; 2.311,15 ; 288,90 ; 375,56 
Nestle Purina;Cat Chow;Alimento Seco;;Gato;Adulto;;CAT CHOW ADULTOS DELI MIX;12296022;3;6; 3.637,21 ; 606,21 ; 4.401,04 ; 733,50 ; 953,56 
Nestle Purina;Cat Chow;Alimento Seco;;Gato;Adulto;;CAT CHOW ADULTOS DELI MIX;12296012;8;1; 1.543,20 ; 1.543,20 ; 1.867,26 ; 1.867,26 ; 2.334,07 
Nestle Purina;Cat Chow;Alimento Seco;;Gato;Adulto;;CAT CHOW ADULTOS DELI MIX;12296023;15;1; 2.654,56 ; 2.654,56 ; 3.212,03 ; 3.212,03 ; 4.015,02 
Nestle Purina;Cat Chow;Alimento Seco;;Gato;Adulto;;CAT CHOW HOGAREÑOS;12296021;0,5;10; 1.296,95 ; 129,70 ; 1.569,31 ; 156,93 ; 204,01 
Nestle Purina;Cat Chow;Alimento Seco;;Gato;Adulto;;CAT CHOW HOGAREÑOS;12296020;1;8; 1.909,81 ; 238,72 ; 2.310,87 ; 288,86 ; 375,52 
Nestle Purina;Cat Chow;Alimento Seco;;Gato;Adulto;;CAT CHOW HOGAREÑOS;12296019;8;1; 1.543,20 ; 1.543,20 ; 1.867,26 ; 1.867,26 ; 2.334,07 
Nestle Purina;Cat Chow;Alimento Seco;;Gato;Adulto;;CAT CHOW ESTERILIZADOS;12473908;0,5;10; 1.296,95 ; 129,70 ; 1.569,31 ; 156,93 ; 204,01 
Nestle Purina;Cat Chow;Alimento Seco;;Gato;Adulto;;CAT CHOW ESTERILIZADOS;12473944;1;8; 1.909,81 ; 238,72 ; 2.310,87 ; 288,86 ; 375,52 
Nestle Purina;Cat Chow;Alimento Seco;;Gato;Adulto;;CAT CHOW ESTERILIZADOS;12473945;3;6; 3.734,57 ; 622,43 ; 4.518,83 ; 753,13 ; 979,08 
Nestle Purina;Cat Chow;Alimento Seco;;Gato;Adulto;;CAT CHOW ESTERILIZADOS;12474093;8;1; 1.543,20 ; 1.543,20 ; 1.867,26 ; 1.867,26 ; 2.334,07 
Nestle Purina;Cat Chow;Alimento Seco;;Gato;Adulto;;CAT CHOW ESTERILIZADOS;12474110;15;1; 2.654,56 ; 2.654,56 ; 3.212,03 ; 3.212,03 ; 4.015,03 
Nestle Purina;Cat Chow;Alimento Húmedo;;Gato;Cachorro;;CAT CHOW Gatitos Pollo 15X85g XI;12338768;0,085;15; 613,00 ; 40,86 ; 741,72 ; 49,45 ; 69,22 
Nestle Purina;Cat Chow;Alimento Húmedo;;Gato;Adulto;;CAT CHOW Esterilizados Pescado 15X85g XI;12338912;0,085;15; 613,00 ; 40,86 ; 741,72 ; 49,45 ; 69,22 
Nestle Purina;Cat Chow;Alimento Húmedo;;Gato;Adulto;;CAT CHOW Adultos Pescado 15X85g XI;12338914;0,085;15; 613,00 ; 40,86 ; 741,72 ; 49,45 ; 69,22 
Nestle Purina;Cat Chow;Alimento Húmedo;;Gato;Adulto;;CAT CHOW Adultos Pollo  15X85g XI;12338915;0,085;15; 613,00 ; 40,86 ; 741,72 ; 49,45 ; 69,22 
Nestle Purina;Felix;Alimento Húmedo;;Gato;Cachorro;; FELIX Gatitos Sensaciones Pes Salsa;12434457;0,085;15; 639,65 ; 42,64 ; 773,97 ; 51,60 ; 72,23 
Nestle Purina;Felix;Alimento Húmedo;;Gato;Adulto;; FELIX Sensaciones de Atunen Salsa;12434464;0,085;15; 639,65 ; 42,64 ; 773,97 ; 51,60 ; 72,23 
Nestle Purina;Felix;Alimento Húmedo;;Gato;Adulto;; FELIX Sensaciones de Salmonen Salsa;12434450;0,085;15; 639,65 ; 42,64 ; 773,97 ; 51,60 ; 72,23 
Nestle Purina;Felix;Alimento Húmedo;;Gato;Adulto;; FELIX Gatitos Sensacione Pollo Salsa;12434307;0,085;15; 639,65 ; 42,64 ; 773,97 ; 51,60 ; 72,23 
Nestle Purina;Felix;Alimento Húmedo;;Gato;Adulto;; FELIX Sensaciones de Pes Bla Salsa;12434296;0,085;15; 639,65 ; 42,64 ; 773,97 ; 51,60 ; 72,23 
Nestle Purina;Felix;Alimento Húmedo;;Gato;Adulto;; FELIX Sensaciones Sardinaen Salsa;12434363;0,085;15; 639,65 ; 42,64 ; 773,97 ; 51,60 ; 72,23 
Nestle Purina;Felix;Alimento Húmedo;;Gato;Adulto;; FELIX Sensaciones Pollo Hgden Salsa;12434373;0,085;15; 639,65 ; 42,64 ; 773,97 ; 51,60 ; 72,23 
Nestle Purina;Felix;Alimento Húmedo;;Gato;Adulto;; FELIX Sensaciones de Pavoen Salsa;12434380;0,085;15; 639,65 ; 42,64 ; 773,97 ; 51,60 ; 72,23 
Nestle Purina;Fancy Feast;Alimento Húmedo;;Gato;;;FANCY FEAST Petit Filet Salmon15x85gXI ;12429766;0,085;15; 980,80 ; 65,39 ; 1.186,77 ; 79,12 ; 110,76 
Nestle Purina;Fancy Feast;Alimento Húmedo;;Gato;;;FANCY FEAST Goulash Pavo 15x85gXI;12429776;0,085;15; 980,80 ; 65,39 ; 1.186,77 ; 79,12 ; 110,76 
Nestle Purina;Fancy Feast;Alimento Húmedo;;Gato;;;FANCY FEAST Goulash Atum15x85gXI;12429897;0,085;15; 980,80 ; 65,39 ; 1.186,77 ; 79,12 ; 110,76 
Nestle Purina;Fancy Feast;Alimento Húmedo;;Gato;;;FANCY FEAST Demi Glace Slm15x85gXI;12429905;0,085;15; 980,80 ; 65,39 ; 1.186,77 ; 79,12 ; 110,76 
Nestle Purina;Fancy Feast;Alimento Húmedo;;Gato;;;FANCY FEAST Demi Glace Pollo 15x85gXI;12429884;0,085;15; 980,80 ; 65,39 ; 1.186,77 ; 79,12 ; 110,76 
Nestle Purina;Fancy Feast;Alimento Húmedo;;Gato;;;FANCY FEAST Cass Atm Slm 15x85gXI;12429886;0,085;15; 980,80 ; 65,39 ; 1.186,77 ; 79,12 ; 110,76 
Nestle Purina;Fancy Feast;Alimento Húmedo;;Gato;;;FANCY FEAST Cass PolloPavo 15x85gXI;12429907;0,085;15; 980,80 ; 65,39 ; 1.186,77 ; 79,12 ; 110,76 
Nestle Purina;Dogui;Alimento Seco;;Perro;Cachorro;;DOGUI CACHORROS, CARNE, CEREALES Y LECHE;12369772;1,5;9; 1.798,92 ; 199,88 ; 2.176,69 ; 241,85 ; 314,41 
Nestle Purina;Dogui;Alimento Seco;;Perro;Cachorro;;DOGUI CACHORROS, CARNE, CEREALES Y LECHE;12369677;3;6; 2.161,68 ; 360,28 ; 2.615,63 ; 435,94 ; 566,72 
Nestle Purina;Dogui;Alimento Seco;;Perro;Cachorro;;DOGUI CACHORROS, CARNE, CEREALES Y LECHE;12369516;8;1; 837,49 ; 837,49 ; 1.013,37 ; 1.013,37 ; 1.266,71 
Nestle Purina;Dogui;Alimento Seco;;Perro;Cachorro;;DOGUI CACHORROS, CARNE, CEREALES Y LECHE;12369517;21;1; 1.929,00 ; 1.929,00 ; 2.334,09 ; 2.334,09 ; 2.870,93 
Nestle Purina;Dogui;Alimento Seco;;Perro;Adulto;;DOGUI CARNE ASADA CON SELECCIÓN DE VEGETALES;12367654;1,5;9; 1.672,47 ; 185,83 ; 2.023,68 ; 224,85 ; 292,31 
Nestle Purina;Dogui;Alimento Seco;;Perro;Adulto;;DOGUI CARNE ASADA CON SELECCIÓN DE VEGETALES;12369675;3;6; 1.968,53 ; 328,09 ; 2.381,92 ; 396,99 ; 516,08 
Nestle Purina;Dogui;Alimento Seco;;Perro;Adulto;;DOGUI CARNE ASADA CON SELECCIÓN DE VEGETALES;12369560;8;1; 760,77 ; 760,77 ; 920,53 ; 920,53 ; 1.150,67 
Nestle Purina;Dogui;Alimento Seco;;Perro;Adulto;;DOGUI CARNE ASADA CON SELECCIÓN DE VEGETALES;12367794;15;1; 1.346,94 ; 1.346,94 ; 1.629,79 ; 1.629,79 ; 2.037,24 
Nestle Purina;Dogui;Alimento Seco;;Perro;Adulto;;DOGUI CARNE ASADA CON SELECCIÓN DE VEGETALES;12367796;21;1; 1.772,17 ; 1.772,17 ; 2.144,32 ; 2.144,32 ; 2.637,52 
Nestle Purina;Dogui;Alimento Seco;;Perro;Adulto;;DOGUI POLLO GRILLADO CON SELECCIÓN DE VEGETALES;12369676;1,5;9; 1.672,47 ; 185,83 ; 2.023,68 ; 224,85 ; 292,31 
Nestle Purina;Dogui;Alimento Seco;;Perro;Adulto;;DOGUI POLLO GRILLADO CON SELECCIÓN DE VEGETALES;12369682;3;6; 1.968,53 ; 328,09 ; 2.381,92 ; 396,99 ; 516,08 
Nestle Purina;Dogui;Alimento Seco;;Perro;Adulto;;DOGUI POLLO GRILLADO CON SELECCIÓN DE VEGETALES;12369684;21;1; 1.772,17 ; 1.772,17 ; 2.144,32 ; 2.144,32 ; 2.637,52 
Nestle Purina;Dogui;Alimento Seco;;Perro;Adulto;;DOGUI CARNE CON CEREALES Y ARROZ;12369652;1,5;9; 1.672,47 ; 185,83 ; 2.023,68 ; 224,85 ; 292,31 
Nestle Purina;Dogui;Alimento Seco;;Perro;Adulto;;DOGUI CARNE CON CEREALES Y ARROZ;12369653;3;6; 1.968,53 ; 328,09 ; 2.381,92 ; 396,99 ; 516,08 
Nestle Purina;Dogui;Alimento Seco;;Perro;Adulto;;DOGUI CARNE CON CEREALES Y ARROZ;12369651;8;1; 760,77 ; 760,77 ; 920,53 ; 920,53 ; 1.150,67 
Nestle Purina;Dogui;Alimento Seco;;Perro;Adulto;;DOGUI CARNE CON CEREALES Y ARROZ;12369683;15;1; 1.346,94 ; 1.346,94 ; 1.629,79 ; 1.629,79 ; 2.037,24 
Nestle Purina;Dogui;Alimento Seco;;Perro;Adulto;;DOGUI CARNE CON CEREALES Y ARROZ;12369679;21;1; 1.772,17 ; 1.772,17 ; 2.144,32 ; 2.144,32 ; 2.637,52 
Nestle Purina;Gati;Alimento Seco;;Gato;Adulto;;GATI PESCADO  y VEGETALES;12417248;0,5;10; 873,44 ; 87,34 ; 960,79 ; 105,69 ; 137,37 
Nestle Purina;Gati;Alimento Seco;;Gato;Adulto;;GATI PESCADO  y VEGETALES;12409756;1;8; 1.257,49 ; 157,18 ; 1.521,57 ; 190,20 ; 247,26 
Nestle Purina;Gati;Alimento Seco;;Gato;Adulto;;GATI PESCADO  y VEGETALES;12409755;3;6; 2.593,54 ; 432,26 ; 3.138,19 ; 523,04 ; 679,93 
Nestle Purina;Gati;Alimento Seco;;Gato;Adulto;;GATI PESCADO  y VEGETALES;12409746;8;1; 982,64 ; 982,64 ; 1.189,01 ; 1.189,01 ; 1.486,26 
Nestle Purina;Gati;Alimento Seco;;Gato;Adulto;;GATI PESCADO  y VEGETALES;12409757;15;1; 1.681,92 ; 1.681,92 ; 2.035,14 ; 2.035,14 ; 2.543,91 
Nestle Purina;Gati;Alimento Seco;;Gato;Adulto;;GATI POLLO y VEGETALES;12409758;1;8; 1.257,49 ; 157,18 ; 1.521,57 ; 190,20 ; 247,26 
Nestle Purina;Gati;Alimento Seco;;Gato;Adulto;;GATI POLLO y VEGETALES;12409747;15;1; 1.681,92 ; 1.681,92 ; 2.035,14 ; 2.035,14 ; 2.543,91 
Nestle Purina;Gati;Alimento Seco;;Gato;Adulto;;GATI CARNE con  CEREALES;12409945;1;8; 1.257,49 ; 157,18 ; 1.521,57 ; 190,20 ; 247,26 
Nestle Purina;Gati;Alimento Seco;;Gato;Adulto;;GATI CARNE con  CEREALES;12409748;15;1; 1.681,92 ; 1.681,92 ; 2.035,14 ; 2.035,14 ; 2.543,91 
Nestle Purina;Dog Menu;Alimento Seco;;Perro;Adulto;;DOG MENU Sabor Carne 21Kg;12426569;21;1; 1.489,22 ; 1.489,22 ; 1.801,95 ; 1.801,95 ; 2.216,40 
Nestle Purina;Tidy Cats;Sanitaria;;Gato ;;;TIDY CATS c/aglomerante;12333535;2,72;3; 2.742,58 ; 914,20 ; 3.318,51 ; 1.106,18 ; 1.659,27 
Nestle Purina;Tidy Cats;Sanitaria;;Gato ;;;TIDY CATS piedra convencional;12376707;2;6; 852,08 ; 142,02 ; 1.031,01 ; 171,83 ; 231,98 
